/*!40101 SET @OLD_CHARACTER_SET_CLIENT=@@CHARACTER_SET_CLIENT */;
/*!40101 SET @OLD_CHARACTER_SET_RESULTS=@@CHARACTER_SET_RESULTS */;
/*!40101 SET @OLD_COLLATION_CONNECTION=@@COLLATION_CONNECTION */;
/*!40101 SET NAMES utf8mb4 */;
/*!40014 SET @OLD_UNIQUE_CHECKS=@@UNIQUE_CHECKS, UNIQUE_CHECKS=0 */;
/*!40014 SET @OLD_FOREIGN_KEY_CHECKS=@@FOREIGN_KEY_CHECKS, FOREIGN_KEY_CHECKS=0 */;
/*!40101 SET @OLD_SQL_MODE=@@SQL_MODE, SQL_MODE='NO_AUTO_VALUE_ON_ZERO' */;
/*!40111 SET @OLD_SQL_NOTES=@@SQL_NOTES, SQL_NOTES=0 */;

DROP TABLE IF EXISTS `categories`;
CREATE TABLE `categories` (
  `id` int NOT NULL AUTO_INCREMENT,
  `name` longtext,
  UNIQUE KEY `id` (`id`)
) ENGINE=InnoDB AUTO_INCREMENT=6 DEFAULT CHARSET=utf8mb4 COLLATE=utf8mb4_0900_ai_ci;

DROP TABLE IF EXISTS `firms`;
CREATE TABLE `firms` (
  `id` int NOT NULL AUTO_INCREMENT,
  `name` longtext,
  UNIQUE KEY `id` (`id`)
) ENGINE=InnoDB AUTO_INCREMENT=13 DEFAULT CHARSET=utf8mb4 COLLATE=utf8mb4_0900_ai_ci;

DROP TABLE IF EXISTS `products`;
CREATE TABLE `products` (
  `id` int NOT NULL AUTO_INCREMENT,
  `name` longtext CHARACTER SET utf8mb4 COLLATE utf8mb4_0900_ai_ci NOT NULL,
  `description` longtext,
  `image` longtext,
  `price` int NOT NULL,
  `discount` int DEFAULT NULL,
  `category_id` int NOT NULL,
  `firm_id` int NOT NULL,
  `cpu` longtext,
  `ram` longtext,
  `disk` longtext,
  `display` longtext,
  `graphic_card` longtext,
  `time_release` longtext CHARACTER SET utf8mb4 COLLATE utf8mb4_0900_ai_ci,
  `operating_system` longtext CHARACTER SET utf8mb4 COLLATE utf8mb4_0900_ai_ci,
  `connector` longtext,
  `size` longtext,
  `design` longtext,
  `weight` longtext,
  UNIQUE KEY `id` (`id`),
  KEY `category_id` (`category_id`),
  KEY `firm_id` (`firm_id`),
  CONSTRAINT `products_ibfk_1` FOREIGN KEY (`category_id`) REFERENCES `categories` (`id`),
  CONSTRAINT `products_ibfk_2` FOREIGN KEY (`firm_id`) REFERENCES `firms` (`id`)
) ENGINE=InnoDB AUTO_INCREMENT=26 DEFAULT CHARSET=utf8mb4 COLLATE=utf8mb4_0900_ai_ci;

INSERT INTO `categories` (`id`, `name`) VALUES
(1, 'Gamming');
INSERT INTO `categories` (`id`, `name`) VALUES
(2, 'Đồ họa');
INSERT INTO `categories` (`id`, `name`) VALUES
(3, 'Sinh viên - Văn phòng');
INSERT INTO `categories` (`id`, `name`) VALUES
(4, 'Mỏng nhẹ'),
(5, 'Doanh nhân');

INSERT INTO `firms` (`id`, `name`) VALUES
(1, 'Apple (Macbook)');
INSERT INTO `firms` (`id`, `name`) VALUES
(2, 'Asus');
INSERT INTO `firms` (`id`, `name`) VALUES
(3, 'HP');
INSERT INTO `firms` (`id`, `name`) VALUES
(4, 'Lenovo'),
(5, 'Acer'),
(6, 'MSI'),
(7, 'Dell'),
(8, 'Gigabyte'),
(9, 'Huawei'),
(10, 'LG'),
(11, 'Vaio'),
(12, 'Microsoft (Surface)');

INSERT INTO `products` (`id`, `name`, `description`, `image`, `price`, `discount`, `category_id`, `firm_id`, `cpu`, `ram`, `disk`, `display`, `graphic_card`, `time_release`, `operating_system`, `connector`, `size`, `design`, `weight`) VALUES
(12, 'Laptop MSI Gaming GF63 Thin 11SC i5 11400H/8GB/512GB/4GB GTX1650/144Hz/Win11 (664VN)', 'Mang trong mình sức mạnh hiệu năng của bộ vi xử lý Intel Core i5 dòng H mạnh mẽ và card đồ họa rời NVIDIA GeForce GTX, laptop MSI Gaming GF63 Thin 11SC i5 (664VN) có khả năng chiến game nặng và thiết kế đồ họa một cách mượt mà.', 'https://phucanhcdn.com/media/product/46971_msi_gaming_gf63_thin_11_h4.jpg, https://bizweb.dktcdn.net/thumb/grande/100/329/122/products/laptop-gaming-msi-gf63-thin-11sc-662vn-1.png?v=1696090116907, https://product.hstatic.net/1000037809/product/thegioigear_laptop_gaming_msi_gf63_thin_11sc_662vn__5_6754be40cc49437d8362ad6d3f021dc9_grande.jpg, https://minhancomputercdn.com/media/product/6231_laptop_msi_gaming_gf63_10sc_014vn_15inch_i5_10200h_gtx_1650_5.jpg ', 14490000, 12, 1, 6, 'i5 11400H, 2.7GHz', '8 GB DDR4 2 khe (1 khe 8 GB + 1 khe rời) 3200 MHz', '512 GB SSD NVMe PCIeHỗ trợ khe cắm SATA 2.5 inch mở rộng (nâng cấp SSD hoặc HDD đều được)', '15.6\" Full HD (1920 x 1080) 144Hz', 'Card rời GTX 1650 Max-Q 4GB', '2022', 'Windows 11 Home SL', '1 x USB Type-C (hỗ trợ USB 3.2, DisplayPort)HDMI2 x USB 3.2Jack tai nghe 3.5 mm', 'Dài 362.9 mm - Rộng 237.5 mm - Dày 18.9 mm', 'Vỏ nhựa', 'Nặng 1.7 kg');
INSERT INTO `products` (`id`, `name`, `description`, `image`, `price`, `discount`, `category_id`, `firm_id`, `cpu`, `ram`, `disk`, `display`, `graphic_card`, `time_release`, `operating_system`, `connector`, `size`, `design`, `weight`) VALUES
(13, 'Laptop Lenovo Legion 5 15IAH7 i5 12500H/8GB/512GB/4GB RTX3050Ti/165Hz/Win11 (82RC003WVN)', 'Laptop Lenovo Legion 5 15IAH7 i5 12500H (82RC003WVN) gây ấn tượng bởi lối thiết kế đậm chất thể thao, mạnh mẽ với khả năng vận hành mượt mà mọi tựa game từ nhẹ đến nặng, giúp các cao thủ chiến game đầy tự tin và tận hưởng những giây phút đỉnh cao trong chiến trường ảo.', 'https://hanoicomputercdn.com/media/product/74612_laptop_lenovo_legion_5_15iah7__82rc008rvn___1_.jpg, https://minhancomputercdn.com/media/product/9921_lenovo_legion_5_15iah7_82rc008lvn_6.jpg,\r\nhttps://laptopworld.vn/media/product/11210_lenovo_legion_5_15iah7h_x__m__1.jpg,\r\nhttps://laptopworld.vn/media/product/11210_lenovo_legion_5_15iah7h_x__m__8.jpg', 35490000, 30, 1, 4, 'i5 12500H, 2.5GHz', '8 GB DDR5 2 khe (1 khe 8 GB + 1 khe trống) 4800 MHz', '512 GB SSD NVMe PCIe (Có thể tháo ra, lắp thanh khác tối đa 1 TB (2280) / 512 GB (2242))', '15.6\" Full HD (1920 x 1080) 165Hz', 'Card rời RTX 3050Ti 4GB', '2022', 'Windows 11 Home SL', '1 x Thunderbolt 4 (hỗ trợ DisplayPort)HDMILAN (RJ45)1 x USB 3.2 (Always on)2 x USB 3.2Jack tai nghe 3.5 mm1 x USB-C 3.2 Gen 2 (hỗ trợ truyền dữ liệu and DisplayPort 1.4)1 x USB-C 3.2 Gen 2 (hỗ trợ truyền dữ liệu, Power Delivery 135W and DisplayPort 1.4)', 'Dài 358.8 mm - Rộng 262.35 mm - Dày 19.99 mm', 'Vỏ nhựa - nắp lưng bằng kim loại', 'Nặng 2.35 kg');
INSERT INTO `products` (`id`, `name`, `description`, `image`, `price`, `discount`, `category_id`, `firm_id`, `cpu`, `ram`, `disk`, `display`, `graphic_card`, `time_release`, `operating_system`, `connector`, `size`, `design`, `weight`) VALUES
(14, 'Laptop Asus Gaming ROG Zephyrus M16 GU604VI i9 13900H/32GB/1TB/8GB RTX4070/240Hz/Balo/Win11 (NM779W) ', 'Laptop Asus Gaming ROG Zephyrus M16 GU604VI i9 13900H (NM779W) cao cấp được thiết kế dành cho game thủ, những nhà sáng tạo nội dung và thiết kế đồ họa đòi hỏi phần cứng mạnh mẽ để hiện thực ý tưởng một cách hiệu quả.', 'https://laptop88.vn/media/lib/01-03-2023/rogzephyrusm16.jpg,\r\nhttps://laptop88.vn/media/product/7981_gu603zx_k8025w_4_600x600.jpg,\r\nhttps://laptopaz.vn/media/product/2959_13513_asus_rog_zephyrus_m16_gu604vi_nm779w_04_result.jpg,\r\nhttps://songphuong.vn/Content/uploads/2023/02/Laptop-ASUS-ROG-Zephyrus-M16-GU604VI-NM779W-8-songphuong.vn_.jpg', 72990000, 9, 1, 2, 'i9 13900H, 2.6GHz', '32 GB DDR5 2 khe (1 khe 16 GB + 1 khe 16 GB) 4800 MHz', '1 TB SSD M.2 PCIe Gen 4 (Có thể tháo ra, lắp thanh khác tối đa 2 TB)Hỗ trợ thêm 1 khe cắm SSD M.2 PCIe Gen 4 mở rộng (nâng cấp tối đa 2 TB)', '16\" QHD+ (2560 x 1600) 240Hz', 'Card rời RTX 4070 8GB', '2023', 'Windows 11 Home SL', '1 x Thunderbolt 4 (hỗ trợ display/power delivery)1 x USB Type-C 3.2 (hỗ trợ Power Delivery và DisplayPort)HDMI2 x USB 3.2Jack tai nghe 3.5 mm', 'Dài 355 mm - Rộng 246 mm - Dày 19.9 ~ 22.3 mm', 'Nắp lưng bằng kim loại - Chiếu nghỉ tay Nhôm Magie', 'Nặng 2.1 kg');
INSERT INTO `products` (`id`, `name`, `description`, `image`, `price`, `discount`, `category_id`, `firm_id`, `cpu`, `ram`, `disk`, `display`, `graphic_card`, `time_release`, `operating_system`, `connector`, `size`, `design`, `weight`) VALUES
(15, 'Laptop Asus Gaming ROG Strix G16 G614JI i7 13650HX/16GB/1TB/8GB RTX4070/240Hz/Balo/Win11 (N4084W) ', 'Laptop Asus Gaming ROG Strix G16 G614JI i7 13650HX/16GB/1TB/8GB RTX4070/240Hz/Balo/Win11 (N4084W) ', 'https://bizweb.dktcdn.net/100/481/296/products/50577-laptop-asus-gaming-rog-strix-g16-7.jpg?v=1680168864477,\r\nhttps://bizweb.dktcdn.net/100/329/122/products/laptop-gaming-asus-rog-strix-g16-g614ju-n3135w-1-237244a7-3d4c-4cbf-a3d8-65d753848ea0.jpg?v=1696090463870, \r\nhttps://laptopworld.vn/media/product/12159_asus_rog_strix_g16_g614_4_zone_rgb__8.jpg,\r\nhttps://www.tncstore.vn/image/cache/catalog/laptop/asus/ROG%20Strix%20G16%20G614JI-N4084W/laptop-asus-rog-strix-g16-g614ji-n4084w-4-500x500.jpg', 60990000, 11, 1, 2, 'i7 13650HX, 2.6GHz', '16 GB DDR5 2 khe (1 khe 16 GB + 1 khe rời)4800 MHz', '1 TB SSD M.2 PCIe Gen 4 (Có thể tháo ra, lắp thanh khác tối đa 2 TB)Hỗ trợ thêm 1 khe cắm SSD M.2 PCIe Gen 4 mở rộng (nâng cấp tối đa 2 TB)', '16\" QHD+ (2560 x 1600) 240Hz', 'Card rời RTX 4070 8GB', '2023', 'Windows 11 Home SL', '1 x Thunderbolt 4 (hỗ trợ DisplayPort)1 x USB 3.2 Gen 2 Type-C (hỗ trợ DisplayPort, Power delivery, G-SYNC)HDMILAN (RJ45)2 x USB 3.2Jack tai nghe 3.5 mm', 'Dài 354 mm - Rộng 264 mm - Dày 22.6 ~ 30.4 mm', 'Vỏ nhựa - nắp lưng bằng kim loại', 'Nặng 2.5 kg'),
(16, 'Laptop HP Omen 16 n0085AX R9 6900HX/32GB/1TB SSD/8GB RTX3070Ti/165Hz/Win11 (7C144PA)', 'Laptop HP Omen 16 n0085AX R9 6900HX (7C144PA) được thiết kế với mục đích đáp ứng nhu cầu chơi những tựa game đình đám và xử lý đồ họa nặng nhờ combo hiệu năng cao CPU AMD Ryzen 9 series và card đồ họa rời NVIDIA RTX 30 series.', 'https://xgear.net/wp-content/uploads/2023/01/omen-16-2022-1.png,\r\nhttps://product.hstatic.net/200000722513/product/dcam_nonodd_win_10_coreset_frontright_4c459d649a4f4b1aa62b8ded6cecc431_d5905c7c9fb24bdb86770af26e50dc26_master.jpg,\r\nhttps://hugotech.vn/wp-content/uploads/7C144PA-2.jpg,\r\nhttps://cdn.ben.com.vn/Content/Images/Products/d190f131-62ac-4397-9a1a-f5008d788274.jpg', 62890000, 17, 1, 3, 'Ryzen 9 6900HX, 3.3GHz', '32 GB DDR5 2 khe (1 khe 16 GB + 1 khe 16 GB) 4800 MHz', 'Hỗ trợ thêm 1 khe cắm SSD M.2 PCIe mở rộng 1 TB SSD', '16.1\" QHD (2560 x 1440) 165Hz', 'Card rời RTX 3070Ti 8GB', '2022', 'Windows 11 Home SL', '2 x USB Type-C (hỗ trợ USB Power Delivery, DisplayPort 1.4), HDMILAN (RJ45), 3 x USB 3.2, Jack tai nghe 3.5 mm', 'Dài 369 mm - Rộng 248 mm - Dày 23 mm', 'Vỏ nhựa', 'Nặng 2.35 kg'),
(17, 'Laptop Asus TUF Gaming A15 FA507XI R9 7940HS/8GB/512GB/8GB RTX4070/144Hz/Win11 (LP420W) ', 'Laptop Asus TUF Gaming A15 FA507XI R9 7940HS (LP420W) mang trong mình hiệu năng khủng từ dòng chip AMD Ryzen 9, card RTX 40 series cùng nhiều tính năng tân tiến. Chiếc laptop gaming này sẽ là trợ thủ đắc lực, giúp anh em game thủ kinh qua những trận chiến ảo đầy khốc liệt.', 'https://external.webstorage.gr/mmimages/image/90/15/21/54/1700709-ASUS-TUF-GAMING-hero-560x560.jpg,\r\nhttps://bizweb.dktcdn.net/100/492/473/products/44498-tufa15pure1-2-25d4943b-0fb1-4cd6-85ef-1f7394ff117e-acac2ef4-693f-4754-a995-46d9d49247a8.jpg?v=1691329478320,\r\nhttps://laptopworld.vn/media/product/12162_asus_tuf_gaming_a15_fa507nu_2.jpg,\r\nhttps://laptopworld.vn/media/product/12162_asus_tuf_gaming_a15_fa507nu_8.jpg', 45490000, 12, 1, 2, 'Ryzen 9 7940HS, 4GHz', '8 GB DDR5 2 khe (1 khe 8 GB + 1 khe trống) 4800 MHz', '512 GB SSD NVMe PCIe Gen 4 (Có thể tháo ra, lắp thanh khác tối đa 2 TB) Hỗ trợ thêm 1 khe cắm SSD M.2 PCIe Gen 4 mở rộng (nâng cấp tối đa 2 TB)', '15.6\"Full HD (1920 x 1080) 144Hz', 'Card rời RTX 4070 8GB', '2023', 'Windows 11 Home SL', '1 x USB 3.2 Gen 2 Type-C (hỗ trợ DisplayPort, Power delivery, G-SYNC)1 x USB Type-C 3.2 (hỗ trợ DisplayPort / G-SYNC) HDMILAN (RJ45) 2 x USB 3.2 Jack tai nghe 3.5 mm', 'Dài 354 mm - Rộng 251 mm - Dày 22.4 ~ 24.9 mm', 'Vỏ nhựa - nắp lưng bằng kim loại', 'Vỏ nhựa - nắp lưng bằng kim loại'),
(18, 'Laptop Acer Gaming Predator Helios Neo 16 PHN16 71 7460 i7 13700HX/8GB/512GB/6GB RTX4050/165Hz/Win11 (NH.QLTSV.004)', 'Acer Predator tiếp tục nâng cấp mạnh mẽ các dòng laptop gaming với sự xuất hiện của laptop Acer Gaming Predator Helios Neo 16 PHN16 71 7460 i7 13700HX (NH.QLTSV.004) – phiên bản hoàn toàn mới của Predator Helios Neo 16 mang đến những game thủ với mong muốn chinh phục được những trận chiến đỉnh cao.', 'https://images.fpt.shop/unsafe/fit-in/585x390/filters:quality(5):fill(white)/fptshop.com.vn/Uploads/Originals/2023/6/6/638216651229999641_acer-predator-helios-neo-gaming-phn16-71-den-5.jpg,\r\nhttps://xgear.net/wp-content/uploads/2023/04/Predator-Helios-Neo-16-2.png,\r\nhttps://lh3.googleusercontent.com/wUYmGz0qJmWYkBlo9zJZa0eIx37hOwHH7TY_2R-2QnqKHbZxPCYICNKKkYs24s1dH66qld_g3Xhb_TgyvcQew_l0ttWlLdh30vxUsiZdbD7fvkWkOywnvMOamWdCGs4gW6zw5MjDqdQG5y2B4Ce8yS4, https://laptopaz.vn/media/product/2851_8_2_nh_qltcn_004.jpg', 38990000, 20, 1, 5, 'i7 13700HX, 2.1GHz', '8 GB DDR5 2 khe (1 khe 8 GB + 1 khe trống )4800 MHz', '512 GB SSD NVMe PCIe (Có thể tháo ra, lắp thanh khác tối đa 1 TB) Hỗ trợ thêm 1 khe cắm SSD M.2 PCIe mở rộng (nâng cấp tối đa 2 TB)', '16\" WQXGA (2560 x 1600) 165Hz', 'Card rời RTX 4050 6GB', '2023', 'Windows 11 Home SL', '2 x USB Type-C (hỗ trợ USB, DisplayPort, Thunderbolt 4)HDMILAN (RJ45 ) 3 x USB 3.2 Jack tai nghe 3.5 mm', 'Dài 360.1 mm - Rộng 279.9 mm - Dày 26.55 ~ 28.25 mm', 'Vỏ nhựa - nắp lưng bằng kim loại', 'Nặng 2.6 kg'),
(19, 'Laptop Lenovo LOQ Gaming 15IRH8 i5 13420H/16GB/512GB/6GB RTX4050/144Hz/Win11 (82XV00Q4VN)', 'Laptop Lenovo LOQ Gaming 15IRH8 i5 13420H (82XV00Q4VN) mang những đường nét thiết kế ấn tượng, hút mắt đi kèm với thông số cấu hình khủng của chip Intel Gen 13 và card rời RTX 40 series, mẫu laptop gaming mới đến từ nhà Lenovo này hứa hẹn sẽ trở thành trợ thủ đắc lực cho các game thủ để khuấy đảo mọi đấu trường ảo.', 'https://hanoicomputercdn.com/media/product/73228_laptop_lenovo_gaming_loq_15irh8__82xv000pvn___6_.jpg,\r\nhttps://product.hstatic.net/200000420363/product/laptop-gaming-lenovo-loq-15irh8-82xv00d5vn-5_d82b1c1cc16247f3826cfb1f3f7bbcfa_1024x1024.jpg,\r\nhttps://maytinhcdc.vn/media/product/7543_lenovo_82xv005gus_15_6_loq_15irh8_gaming_1745673.jpg,\r\nhttps://laptoptld.com/wp-content/uploads/2023/08/laptop-gaming-lenovo-loq-15irh8-2.jpg', 28990000, 5, 1, 4, 'i5 13420H, 2.1GHz', '16 GBDDR5 2 khe (1 khe 8 GB + 1 khe 8 GB) 5200 MHz', '512 GB SSD NVMe PCIe 4.0 (Có thể tháo ra, lắp thanh khác tối đa 1 TB) Hỗ trợ thêm 1 khe cắm SSD M.2 PCIe Gen 4 mở rộng (nâng cấp tối đa 1 TB)', '15.6\" Full HD (1920 x 1080) 144Hz', 'Card rờiRTX 4050 6GB', '2023', 'Windows 11 Home SL', 'HDMILAN (RJ45)3 x USB 3.2Jack tai nghe 3.5 mm 1 x USB-C 3.2 (hỗ trợ truyền dữ liệu, Power Delivery 140W và DisplayPort 1.4)', 'Dài 359.6 mm - Rộng 264.8 mm - Dày 22.1 ~ 25.2 mm', 'Vỏ nhựa', 'Nặng 2.4 kg'),
(20, 'Laptop MSI Gaming GF63 Thin 11SC i5 11400H/8GB/512GB/4GB GTX1650/144Hz/Win11 (664VN)', 'Mang trong mình sức mạnh hiệu năng của bộ vi xử lý Intel Core i5 dòng H mạnh mẽ và card đồ họa rời NVIDIA GeForce GTX, laptop MSI Gaming GF63 Thin 11SC i5 (664VN) có khả năng chiến game nặng và thiết kế đồ họa một cách mượt mà.', 'https://phucanhcdn.com/media/product/46971_msi_gaming_gf63_thin_11_h4.jpg, https://bizweb.dktcdn.net/thumb/grande/100/329/122/products/laptop-gaming-msi-gf63-thin-11sc-662vn-1.png?v=1696090116907, https://product.hstatic.net/1000037809/product/thegioigear_laptop_gaming_msi_gf63_thin_11sc_662vn__5_6754be40cc49437d8362ad6d3f021dc9_grande.jpg, https://minhancomputercdn.com/media/product/6231_laptop_msi_gaming_gf63_10sc_014vn_15inch_i5_10200h_gtx_1650_5.jpg ', 14490000, 12, 1, 1, 'i511400H2.7GHz', '8 GBDDR4 2 khe (1 khe 8 GB + 1 khe rời), 3200 MHz', '512 GB SSD NVMe PCIeHỗ trợ khe cắm SATA 2.5 inch mở rộng (nâng cấp SSD hoặc HDD đều được)', '15.6\" Full HD (1920 x 1080) 144Hz', 'Card rời GTX 1650 Max-Q 4GB', '2022', 'Windows 11 Home SL', '1 x USB Type-C (hỗ trợ USB 3.2, DisplayPort)HDMI2 x USB 3.2Jack tai nghe 3.5 mm', 'Dài 362.9 mm - Rộng 237.5 mm - Dày 18.9 mm', 'Vỏ nhựa', 'Nặng 1.7 kg'),
(21, 'Laptop Apple MacBook Air 13 inch M1 2020 8-core CPU/8GB/256GB/7-core GPU (MGN63SA/A)', 'Laptop Apple MacBook Air M1 2020 thuộc dòng laptop cao cấp sang trọng có cấu hình mạnh mẽ, chinh phục được các tính năng văn phòng lẫn đồ hoạ mà bạn mong muốn, thời lượng pin dài, thiết kế mỏng nhẹ sẽ đáp ứng tốt các nhu cầu làm việc của bạn.', 'https://dienmaythiennamhoa.vn/static/images/4.%20hinh%20sp/3.%20Hinh%20SP%202/laptop-macbook-air-13-inch-m1-2020-xam-1.jpg, \r\nhttps://laptoptcc.com/wp-content/uploads/2022/01/macbook-air-2020-laptoptcc.jpeg,\r\nhttps://nhanhamuasam.com/wp-content/uploads/2021/01/laptop-apple-macbook-air-m1-2020-mgnd3saa-ava-2.jpg,\r\nhttps://nhanhamuasam.com/wp-content/uploads/2021/01/laptop-apple-macbook-air-m1-2020-mgnd3saa-ava-5.jpg,\r\nhttps://product.hstatic.net/1000296652/product/macboob_air_m1_mgn93saa_70233142_2_011aa999919c4368b695fa41b9cc3500.jpg', 19590000, 3, 3, 1, 'Apple M1', '8 GB', '256 GB SSD', '13.3\", Retina (2560 x 1600)', 'Card tích hợp, 7 nhân GPU', '2022', 'Mac OS', '2 x Thunderbolt 3 (USB-C), Jack tai nghe 3.5 mm', 'Dài 304.1 mm - Rộng 212.4 mm - Dày 4.1 mm đến 16.1 mm', 'Vỏ kim loại nguyên khối', 'Nặng 1.29 kg'),
(22, 'Laptop HP Pavilion 15 eg2082TU i5 1240P/8GB/512GB/Win11 (7C0Q5PA)', 'Laptop HP Pavilion 15 eg2082TU i5 (7C0Q5PA) gây ấn tượng bởi sự đẳng cấp đến từ thiết kế thanh lịch, sang trọng cùng hiệu năng vượt bậc nhờ vào con chip Intel thế hệ 12 mạnh mẽ, đáp ứng đầy đủ mọi nhu cầu của người dùng từ tác vụ văn phòng đến đồ họa.', 'https://cdn.nguyenkimmall.com/images/detailed/856/10054679-laptop-hp-pavilion-15-eg2082tu-7c0q5pa-1.jpg, https://cdn.tgdd.vn/Products/Images/44/302533/hp-pavilion-15-eg2082tu-i5-7c0q5pa-1.jpg, https://cdn.tgdd.vn/Products/Images/44/302533/hp-pavilion-15-eg2082tu-i5-7c0q5pa-2.jpg, https://cdn.tgdd.vn/Products/Images/44/302533/hp-pavilion-15-eg2082tu-i5-7c0q5pa-4.jpg, https://cdn.tgdd.vn/Products/Images/44/302533/hp-pavilion-15-eg2082tu-i5-7c0q5pa-6.jpg, https://cdn.tgdd.vn/Products/Images/44/302533/hp-pavilion-15-eg2082tu-i5-7c0q5pa-7.jpg, https://cdn.tgdd.vn/Products/Images/44/302533/hp-pavilion-15-eg2082tu-i5-7c0q5pa-8.jpg', 16590000, 16, 3, 3, 'i5, 1240P, 1.7GHz', '8 GB, DDR4 2 khe (1 khe 4 GB + 1 khe 4 GB), 3200 MHz', '512 GB SSD NVMe PCIe', '15.6\", Full HD (1920 x 1080)', '\r\nCard tích hợp, Intel Iris Xe', '2022', '\r\nWindows 11 Home SL', 'HDMI, USB Type-C2 x USB 3.2, Jack tai nghe 3.5 mm', 'Dài 360.2 mm - Rộng 234 mm - Dày 17.9 mm ', 'Vỏ nhựa - chiếu nghỉ tay bằng kim loại', 'Nặng 1.72 kg'),
(23, 'Laptop Acer Aspire 3 A315 58 54XF i5 1135G7/8GB/512GB/Win11 (NX.AM0SV.007)', 'Nếu đang tìm kiếm một chiếc laptop học tập - văn phòng sở hữu thiết kế thanh lịch, hiện đại cùng thông số cấu hình đủ mạnh để vận hành mượt mà các tác vụ công việc thì laptop Acer Aspire 3 A315 58 54XF i5 (NX.AM0SV.007) là sự lựa chọn lý tưởng dành cho bạn.', 'https://www.premium.com.mk/image/cache/data/proizvodi/prenosni%20kompjuteri/laptopi/NX.HVUEX.O331-800x800.jpg, https://cdn.tgdd.vn/Products/Images/44/285764/acer-aspire-3-a315-58-54xf-i5-nxam0sv007-ab-1.jpg, https://cdn.tgdd.vn/Products/Images/44/285764/acer-aspire-3-a315-58-54xf-i5-nxam0sv007-ab-2.jpg, https://cdn.tgdd.vn/Products/Images/44/285764/acer-aspire-3-a315-58-54xf-i5-nxam0sv007-03.jpg, https://www.gigahertz.com.ph/cdn/shop/products/aspire3_314-35_sv_02_1_e77963bf-bceb-4597-a2e9-c53592769559.png?v=1691884317&width=850, https://tuanphong.vn/pictures/full/2019/12/1576838353-140-nang-cap-ssd-ram-cho-laptop-acer-aspire-3-a315-34-3.png, https://cdn.nguyenkimmall.com/images/detailed/775/10051060-laptop-acer-aspire-3-a315-57g-573f-i5-1035g1-nxhzrsv00b-3.jpg', 14990000, 20, 3, 5, 'i5, 1135G7, 2.4GHz', '8 GB, DDR4 (Onboard 4 GB + 1 khe 4 GB), Từ 2400 MHz (Hãng công bố)', '512 GB SSD NVMe PCIe (Có thể tháo ra, lắp thanh khác tối đa 1 TB), Hỗ trợ khe cắm HDD SATA (nâng cấp tối đa 2 TB)', '15.6\", Full HD (1920 x 1080)', '\r\nCard tích hợp, Intel Iris Xe', '2021', 'Windows 11 Home SL', 'HDMI, LAN (RJ45)1 x USB 2.02 x USB 3.2, Jack tai nghe 3.5 mm', 'Dài 363.4 mm - Rộng 238.4 mm - Dày 19.9 mm ', '\r\nVỏ nhựa', 'Nặng 1.7 kg'),
(24, 'Laptop Lenovo Ideapad 3 15ITL6 i5 1155G7/8GB/512GB/Win11 (82H803RRVN) ', 'Laptop Lenovo Ideapad 3 15ITL6 i5 1155G7 (82H803RRVN) sở hữu kiểu dáng thanh lịch cùng sắc xám sang trọng, đi kèm với đó là hiệu năng ổn định giúp xử lý hiệu quả mọi tác vụ. Chiếc laptop học tập - văn phòng này chắc chắn sẽ là bạn đồng hành tuyệt vời cho học sinh, sinh viên và người đi làm.', 'https://cdn.nguyenkimmall.com/images/detailed/828/10053095-laptop-lenovo-ideapad-3-14iau7-82rj0019vn-1.jpg, https://cdn.tgdd.vn/Products/Images/44/309600/lenovo-ideapad-3-15itl6-i5-82h803rrvn-glr-1-1.jpg, https://cdn.nguyenkimmall.com/images/detailed/828/10053095-laptop-lenovo-ideapad-3-14iau7-82rj0019vn-2.jpg, https://cdn.tgdd.vn/Products/Images/44/309600/lenovo-ideapad-3-15itl6-i5-82h803rrvn-glr-4-1.jpg, https://cdn.tgdd.vn/Products/Images/44/309600/lenovo-ideapad-3-15itl6-i5-82h803rrvn-glr-6-1.jpg, https://cdn.tgdd.vn/Products/Images/44/309600/lenovo-ideapad-3-15itl6-i5-82h803rrvn-glr-7-1.jpg, https://cdn.tgdd.vn/Products/Images/44/309600/lenovo-ideapad-3-15itl6-i5-82h803rrvn-glr-8-1.jpg', 14490000, 17, 3, 4, 'i5, 1155G7, 2.5GHz', '8 GB, DDR4 2 khe (1 khe 8 GB onboard + 1 khe trống), 3200 MHz', '\r\n512 GB SSD NVMe PCIe (Có thể tháo ra, lắp thanh khác tối đa 1 TB (2280) / 512 GB (2242))', '15.6\", Full HD (1920 x 1080)', 'Card tích hợp, Intel Iris Xe', '2023', '\r\nWindows 11 Home SL', '1 x USB Type-C (chỉ hỗ trợ truyền dữ liệu), HDMI1 x USB 2.0, 1 x USB 3.2, Jack tai nghe 3.5 mm', 'Dài 359.2 mm - Rộng 236.5 mm - Dày 19.9 mm', '\r\nVỏ nhựa', 'Nặng 1.65 kg'),
(25, 'Laptop Dell Inspiron 15 3520 i5 1235U/8GB/256GB/120Hz/OfficeHS/Win11 (N5I5122W1) ', 'Laptop Dell Inspiron 15 3520 i5 (N5I5122W1) hướng đến người dùng cần một chiếc laptop học tập - văn phòng sở hữu những thông số kỹ thuật vừa phải nhưng vẫn đảm bảo hiệu năng ổn định, trải nghiệm mượt mà cũng như giá bán dễ tiếp cận.', 'https://anphat.com.vn/media/product/43427_laptop_dell_inspiron_15_3520_70296960__co__1_.jpg, https://cdn.nguyenkimmall.com/images/detailed/836/10053575-laptop-dell-inspiron-3520-i5u085w11blu-2.jpg, https://cdn.tgdd.vn/Products/Images/44/296847/dell-inspiron-15-3520-i5-n5i5122w1-a-1.jpg, https://cdn.tgdd.vn/Products/Images/44/296847/dell-inspiron-15-3520-i5-n5i5122w1-a-2.jpg, https://cdn.tgdd.vn/Products/Images/44/296847/dell-inspiron-15-3520-i5-n5i5122w1-a-3.jpg, https://cdn.tgdd.vn/Products/Images/44/296847/dell-inspiron-15-3520-i5-n5i5122w1-a-4.jpg', 18590000, 16, 3, 7, 'i5, 1235U, 1.3GHz', '8 GB, DDR4 2 khe (1 khe 8 GB + 1 khe rời), 2666 MHz', '256 GB SSD NVMe PCIe, Hỗ trợ khe cắm HDD SATA 2.5 inch mở rộng (nâng cấp tối đa 2 TB)', '15.6\", Full HD (1920 x 1080), 120Hz', 'Card tích hợp, Intel UHD', '2022', 'Windows 11 Home SL + Office Home & Student vĩnh viễn', 'HDMI, 1 x USB 2.0, 2 x USB 3.2, Jack tai nghe 3.5 mm', 'Dài 358.5 mm - Rộng 235.56 mm - Dày 18.9 mm', 'Vỏ nhựa', 'Nặng 1.9 kg');


/*!40101 SET SQL_MODE=@OLD_SQL_MODE */;
/*!40014 SET FOREIGN_KEY_CHECKS=@OLD_FOREIGN_KEY_CHECKS */;
/*!40014 SET UNIQUE_CHECKS=@OLD_UNIQUE_CHECKS */;
/*!40101 SET CHARACTER_SET_CLIENT=@OLD_CHARACTER_SET_CLIENT */;
/*!40101 SET CHARACTER_SET_RESULTS=@OLD_CHARACTER_SET_RESULTS */;
/*!40101 SET COLLATION_CONNECTION=@OLD_COLLATION_CONNECTION */;
/*!40111 SET SQL_NOTES=@OLD_SQL_NOTES */;